{
	"format_version": "1.8.0",
	"animations": {
		"idle": {
			"loop": true,
			"animation_length": 1.91667,
			"bones": {
				"body": {
					"rotation": {
						"0.0": {
							"vector": [0, 0, 0]
						},
						"0.25": {
							"vector": [-57.5, 0, 0]
						},
						"1.6667": {
							"vector": [-57.5, 0, 0]
						},
						"1.9167": {
							"vector": [0, 0, 0]
						}
					},
					"position": {
						"0.0": {
							"vector": [0, 0, 0]
						},
						"0.25": {
							"vector": [0, 3, 0]
						},
						"1.6667": {
							"vector": [0, 3, 0]
						},
						"1.9167": {
							"vector": [0, 0, 0]
						}
					}
				},
				"RatTail1": {
					"rotation": {
						"0.0": {
							"vector": [0, 0, 0]
						},
						"0.25": {
							"vector": [37.5, 0, 0]
						},
						"0.5": {
							"vector": [46.14415, 32.41052, 29.15396]
						},
						"1.0": {
							"vector": [42.71166, -19.38292, -16.57017]
						},
						"1.25": {
							"vector": [37.5, 0, 0]
						},
						"1.6667": {
							"vector": [37.5, 0, 0]
						},
						"1.9167": {
							"vector": [0, 0, 0]
						}
					},
					"position": {
						"0.0": {
							"vector": [0, 0, 0]
						},
						"1.9167": {
							"vector": [0, 0, 0]
						}
					}
				},
				"RatTail2": {
					"rotation": {
						"0.0": {
							"vector": [0, 0, 0]
						},
						"0.25": {
							"vector": [10, 0, 0]
						},
						"0.5": {
							"vector": [11.24314, 27.0478, 5.16524]
						},
						"1.0": {
							"vector": [10.53592, -11.59028, -2.07396]
						},
						"1.25": {
							"vector": [10, 0, 0]
						},
						"1.6667": {
							"vector": [10, 0, 0]
						},
						"1.9167": {
							"vector": [0, 0, 0]
						}
					},
					"position": {
						"0.0": {
							"vector": [0, 0, 0]
						},
						"1.9167": {
							"vector": [0, 0, 0]
						}
					}
				},
				"RatTail3": {
					"rotation": {
						"0.0": {
							"vector": [0, 0, 0]
						},
						"0.25": {
							"vector": [7.5, 0, 0]
						},
						"0.5": {
							"vector": [7.7614, 14.8687, 2.00307]
						},
						"1.0": {
							"vector": [7.61223, -6.37226, -0.84199]
						},
						"1.25": {
							"vector": [7.5, 0, 0]
						},
						"1.6667": {
							"vector": [7.5, 0, 0]
						},
						"1.9167": {
							"vector": [0, 0, 0]
						}
					},
					"position": {
						"0.0": {
							"vector": [0, 0, 0]
						},
						"1.9167": {
							"vector": [0, 0, 0]
						}
					}
				},
				"head": {
					"rotation": {
						"0.0": {
							"vector": [0, 0, 0]
						},
						"0.5": {
							"vector": [0, 30, 0]
						},
						"0.9583": {
							"vector": [0, 0, 0]
						},
						"1.4583": {
							"vector": [0, -30, 0]
						},
						"1.9167": {
							"vector": [0, 0, 0]
						}
					},
					"position": {
						"0.0": {
							"vector": [0, 0, 0]
						},
						"0.25": {
							"vector": [0, 8, 2]
						},
						"1.6667": {
							"vector": [0, 8, 2]
						},
						"1.9167": {
							"vector": [0, 0, 0]
						}
					}
				},
				"RatNose": {
					"rotation": {
						"0.4167": {
							"vector": [0, 0, 0]
						},
						"0.5": {
							"vector": [22.5, 0, 0]
						},
						"0.5833": {
							"vector": [-20, 0, 0]
						},
						"0.6667": {
							"vector": [22.5, 0, 0]
						},
						"0.75": {
							"vector": [-20, 0, 0]
						},
						"0.8333": {
							"vector": [0, 0, 0]
						},
						"1.375": {
							"vector": [0, 0, 0]
						},
						"1.4583": {
							"vector": [22.5, 0, 0]
						},
						"1.5417": {
							"vector": [-20, 0, 0]
						},
						"1.625": {
							"vector": [22.5, 0, 0]
						},
						"1.7083": {
							"vector": [-20, 0, 0]
						},
						"1.7917": {
							"vector": [0, 0, 0]
						}
					}
				},
				"RatEarR": {
					"rotation": {
						"0.3333": {
							"vector": [0, 0, 0]
						},
						"0.4167": {
							"vector": [-10.23772, -12.3071, 2.20462]
						},
						"0.5": {
							"vector": [2.15473, 14.76689, -2.66399]
						},
						"0.5833": {
							"vector": [-10.23772, -12.3071, 2.20462]
						},
						"0.6667": {
							"vector": [2.15473, 14.76689, -2.66399]
						},
						"0.75": {
							"vector": [0, 0, 0]
						},
						"1.2917": {
							"vector": [0, 0, 0]
						},
						"1.375": {
							"vector": [-10.23772, -12.3071, 2.20462]
						},
						"1.4583": {
							"vector": [2.15473, 14.76689, -2.66399]
						},
						"1.5417": {
							"vector": [-10.23772, -12.3071, 2.20462]
						},
						"1.625": {
							"vector": [2.15473, 14.76689, -2.66399]
						},
						"1.7083": {
							"vector": [0, 0, 0]
						}
					}
				},
				"RatEarL": {
					"rotation": {
						"0.3333": {
							"vector": [0, 0, 0]
						},
						"0.4167": {
							"vector": [-10.23772, 12.3071, -2.20462]
						},
						"0.5": {
							"vector": [2.15473, -14.76689, 2.66399]
						},
						"0.5833": {
							"vector": [-10.23772, 12.3071, -2.20462]
						},
						"0.6667": {
							"vector": [2.15473, -14.76689, 2.66399]
						},
						"0.75": {
							"vector": [0, 0, 0]
						},
						"1.2917": {
							"vector": [0, 0, 0]
						},
						"1.375": {
							"vector": [-10.23772, 12.3071, -2.20462]
						},
						"1.4583": {
							"vector": [2.15473, -14.76689, 2.66399]
						},
						"1.5417": {
							"vector": [-10.23772, 12.3071, -2.20462]
						},
						"1.625": {
							"vector": [2.15473, -14.76689, 2.66399]
						},
						"1.7083": {
							"vector": [0, 0, 0]
						}
					}
				},
				"fLegRight": {
					"rotation": {
						"0.0": {
							"vector": [0, 0, 0]
						},
						"1.9167": {
							"vector": [0, 0, 0]
						}
					},
					"position": {
						"0.0": {
							"vector": [0, 0, 0]
						},
						"0.25": {
							"vector": [0, 7, 0]
						},
						"1.6667": {
							"vector": [0, 7, 0]
						},
						"1.9167": {
							"vector": [0, 0, 0]
						}
					}
				},
				"RatFootFR": {
					"rotation": {
						"0.0": {
							"vector": [0, 0, 0]
						},
						"0.25": {
							"vector": [30, 0, 0]
						}
					},
					"position": {
						"vector": [0, 0, 0]
					}
				},
				"fLegLeft": {
					"rotation": {
						"0.0": {
							"vector": [0, 0, 0]
						},
						"1.9167": {
							"vector": [0, 0, 0]
						}
					},
					"position": {
						"0.0": {
							"vector": [0, 0, 0]
						},
						"0.25": {
							"vector": [0, 7, 0]
						},
						"1.6667": {
							"vector": [0, 7, 0]
						},
						"1.9167": {
							"vector": [0, 0, 0]
						}
					}
				},
				"RatFootFL": {
					"rotation": {
						"0.0": {
							"vector": [0, 0, 0]
						},
						"0.25": {
							"vector": [30, 0, 0]
						}
					},
					"position": {
						"vector": [0, 0, 0]
					}
				},
				"rLegRight": {
					"rotation": {
						"0.0": {
							"vector": [0, 0, 0]
						},
						"1.9167": {
							"vector": [0, 0, 0]
						}
					},
					"position": {
						"0.0": {
							"vector": [0, 0, 0]
						},
						"0.25": {
							"vector": [0, 0, -1]
						},
						"1.6667": {
							"vector": [0, 0, -1]
						},
						"1.9167": {
							"vector": [0, 0, 0]
						}
					}
				},
				"rLegLeft": {
					"rotation": {
						"0.0": {
							"vector": [0, 0, 0]
						},
						"1.9167": {
							"vector": [0, 0, 0]
						}
					},
					"position": {
						"0.0": {
							"vector": [0, 0, 0]
						},
						"0.25": {
							"vector": [0, 0, -1]
						},
						"1.6667": {
							"vector": [0, 0, -1]
						},
						"1.9167": {
							"vector": [0, 0, 0]
						}
					}
				}
			}
		},
		"walk": {
			"loop": true,
			"animation_length": 0.5,
			"bones": {
				"body": {
					"rotation": {
						"0.0": {
							"vector": [0, 0, 5]
						},
						"0.25": {
							"vector": [0, 0, -7.5]
						},
						"0.5": {
							"vector": [0, 0, 5]
						}
					}
				},
				"RatTail1": {
					"rotation": {
						"0.0": {
							"vector": [-45.99297, 10.54529, -10.72858]
						},
						"0.25": {
							"vector": [-47.81374, -17.38772, 18.2489]
						},
						"0.5": {
							"vector": [-45.99297, 10.54529, -10.72858]
						}
					}
				},